{"cameraMode":{"drawMode":0,"name":"Shaded","section":"Shading Mode"},"sceneLighting":true,"audioPlay":false,"sceneViewState":{"m_AlwaysRefresh":false,"showFog":true,"showSkybox":true,"showFlares":true,"showImageEffects":true,"showParticleSystems":true,"showVisualEffectGraphs":true,"m_FxEnabled":true},"in2DMode":false,"pivot":{"x":-5.686216354370117,"y":2.014113426208496,"z":-0.08014965057373047},"rotation":{"x":0.16967067122459413,"y":0.28998085856437685,"z":-0.05231849104166031,"w":0.9404194355010986},"size":16.570085525512697,"orthographic":true}